---------------------------------------------
-- 직원정보 더미(2024.04.10)
---------------------------------------------
DELETE FROM TB_EMPLOYEE_2001;

INSERT INTO TB_EMPLOYEE_2001 (EMP_ID, EMP_NAME, POSITION, EMP_HIREDATE, EMP_PHONE, EMP_EMAIL, EMP_ADDRESS, EMP_BIRTHDATE, EMP_GENDER)
VALUES  (1 ,'홍길동', '대리', '1979-08-05',' 010-1234-5678','hong@example.com', '서울시 강남구','1990-05-05', 'M');
INSERT INTO TB_EMPLOYEE_2001 (EMP_ID, EMP_NAME, POSITION, EMP_HIREDATE, EMP_PHONE, EMP_EMAIL, EMP_ADDRESS, EMP_BIRTHDATE, EMP_GENDER)
VALUES  (2 ,'이몽룡', '주임', '1982-03-15',' 010-2345-6789','lee@example.com', '서울시 강서구','1989-02-10', 'M');
  INSERT INTO TB_EMPLOYEE_2001 (EMP_ID, EMP_NAME, POSITION, EMP_HIREDATE, EMP_PHONE, EMP_EMAIL, EMP_ADDRESS, EMP_BIRTHDATE, EMP_GENDER)
VALUES  (3 ,'성춘향', '사원', '1985-11-20',' 010-3456-7890','seong@example.com', '서울시 송파구','1992-07-15', 'F');
 INSERT INTO TB_EMPLOYEE_2001 (EMP_ID, EMP_NAME, POSITION, EMP_HIREDATE, EMP_PHONE, EMP_EMAIL, EMP_ADDRESS, EMP_BIRTHDATE, EMP_GENDER)
VALUES   (4 ,'임꺽정', '대리', '1988-09-10',' 010-4567-8901','im@example.com', '서울시 마포구','1991-10-20', 'M');
  INSERT INTO TB_EMPLOYEE_2001 (EMP_ID, EMP_NAME, POSITION, EMP_HIREDATE, EMP_PHONE, EMP_EMAIL, EMP_ADDRESS, EMP_BIRTHDATE, EMP_GENDER)
VALUES  (5 ,'강감찬', '주임', '1991-06-25',' 010-5678-9012','kang@example.com', '서울시 중랑구','1988-11-30', 'M');

DELETE FROM TB_COMMUTE_INFO_2001;

INSERT INTO TB_COMMUTE_INFO_2001 (EMP_ID, START_TIME, WORK_DAY, END_TIME, WORKING_HOURS, LATE_FLAG, LEAVE_EARLY, ABSENTEEISM)
VALUES (1, TO_DATE('2024-04-08 09:00:00', 'YYYY-MM-DD HH24:MI:SS'), TO_DATE('2024-04-08', 'YYYY-MM-DD'), TO_DATE('2024-04-08 18:00:00', 'YYYY-MM-DD HH24:MI:SS'), '540minute', 'N', 'N', 'N');

INSERT INTO TB_COMMUTE_INFO_2001 (EMP_ID, START_TIME, WORK_DAY, END_TIME, WORKING_HOURS, LATE_FLAG, LEAVE_EARLY, ABSENTEEISM)
VALUES (2, TO_DATE('2024-04-08 09:15:00', 'YYYY-MM-DD HH24:MI:SS'), TO_DATE('2024-04-08', 'YYYY-MM-DD'), TO_DATE('2024-04-08 18:15:00', 'YYYY-MM-DD HH24:MI:SS'), '540minute', 'Y', 'N', 'N');

INSERT INTO TB_COMMUTE_INFO_2001 (EMP_ID, START_TIME, WORK_DAY, END_TIME, WORKING_HOURS, LATE_FLAG, LEAVE_EARLY, ABSENTEEISM)
VALUES (3, TO_DATE('2024-04-08 08:45:00', 'YYYY-MM-DD HH24:MI:SS'), TO_DATE('2024-04-08', 'YYYY-MM-DD'), TO_DATE('2024-04-08 17:45:00', 'YYYY-MM-DD HH24:MI:SS'), '540minute', 'N', 'Y', 'N');

INSERT INTO TB_COMMUTE_INFO_2001 (EMP_ID, START_TIME, WORK_DAY, END_TIME, WORKING_HOURS, LATE_FLAG, LEAVE_EARLY, ABSENTEEISM)
VALUES (4, TO_DATE('2024-04-08 09:30:00', 'YYYY-MM-DD HH24:MI:SS'), TO_DATE('2024-04-08', 'YYYY-MM-DD'), TO_DATE('2024-04-08 18:30:00', 'YYYY-MM-DD HH24:MI:SS'), '540minute', 'N', 'N', 'N');

INSERT INTO TB_COMMUTE_INFO_2001 (EMP_ID, START_TIME, WORK_DAY, END_TIME, WORKING_HOURS, LATE_FLAG, LEAVE_EARLY, ABSENTEEISM)
VALUES (5, TO_DATE('2024-04-08 09:10:00', 'YYYY-MM-DD HH24:MI:SS'), TO_DATE('2024-04-08', 'YYYY-MM-DD'), TO_DATE('2024-04-08 18:10:00', 'YYYY-MM-DD HH24:MI:SS'), '540minute', 'N', 'N', 'N');


DELETE FROM TB_SALARY_INFO_2001;

INSERT INTO TB_SALARY_INFO_2001 (EMP_ID, BANK_NAME, BANK_ACCOUNT_NO, ACCOUNT_HOLDER, PREMIUM, TAX)
VALUES (1, '국민은행', '123456-01-789012', '홍길동', '1000000', '100000');

INSERT INTO TB_SALARY_INFO_2001 (EMP_ID, BANK_NAME, BANK_ACCOUNT_NO, ACCOUNT_HOLDER, PREMIUM, TAX)
VALUES (2, '신한은행', '234567-02-890123', '이몽룡', '1200000', '120000');

INSERT INTO TB_SALARY_INFO_2001 (EMP_ID, BANK_NAME, BANK_ACCOUNT_NO, ACCOUNT_HOLDER, PREMIUM, TAX)
VALUES (3, '우리은행', '345678-03-901234', '성춘향', '900000', '90000');

INSERT INTO TB_SALARY_INFO_2001 (EMP_ID, BANK_NAME, BANK_ACCOUNT_NO, ACCOUNT_HOLDER, PREMIUM, TAX)
VALUES (4, '하나은행', '456789-04-012345', '임꺽정', '1100000', '110000');

INSERT INTO TB_SALARY_INFO_2001 (EMP_ID, BANK_NAME, BANK_ACCOUNT_NO, ACCOUNT_HOLDER, PREMIUM, TAX)
VALUES (5, 'KB국민은행', '567890-05-123456', '강감찬', '950000', '95000');


DROP SEQUENCE TB_EMPLOYEE_2001_EMP_ID_SEQ;

CREATE SEQUENCE TB_EMPLOYEE_2001_EMP_ID_SEQ
       START WITH 6
       INCREMENT BY 1;

-------------------------------------------------
--- 예약관리 더미 자료(2024.04.10)
-------------------------------------------------
INSERT INTO TB_RESERVATION_2001 (RSRV_NUM,RSRV_DATE,RSRV_TIME,RSRV_NAME,RSRV_TELNO,RSRV_INWON,RSRV_SUBJECT,RSRV_MEMO,WRITER,WRITE_DATE) values (1,'20240404','1120','홍길동','010-1234-5678',1,'모임계획1','3명 같이 모임',200,to_date('24/04/04','RR/MM/DD'));
INSERT INTO TB_RESERVATION_2001 (RSRV_NUM,RSRV_DATE,RSRV_TIME,RSRV_NAME,RSRV_TELNO,RSRV_INWON,RSRV_SUBJECT,RSRV_MEMO,WRITER,WRITE_DATE) VALUES (2,'20240404','1120','홍길동','010-1234-5678',1,'모임계획2','3명 같이 모임',200,to_date('24/04/04','RR/MM/DD'));
INSERT INTO TB_RESERVATION_2001 (RSRV_NUM,RSRV_DATE,RSRV_TIME,RSRV_NAME,RSRV_TELNO,RSRV_INWON,RSRV_SUBJECT,RSRV_MEMO,WRITER,WRITE_DATE) VALUES (3,'20240404','1120','홍길동','010-1234-5678',1,'모임계획3','3명 같이 모임',200,to_date('24/04/04','RR/MM/DD'));
INSERT INTO TB_RESERVATION_2001 (RSRV_NUM,RSRV_DATE,RSRV_TIME,RSRV_NAME,RSRV_TELNO,RSRV_INWON,RSRV_SUBJECT,RSRV_MEMO,WRITER,WRITE_DATE) VALUES (4,'20240404','1120','홍길동','010-1234-5678',1,'모임계획4','3명 같이 모임',200,to_date('24/04/04','RR/MM/DD'));
INSERT INTO TB_RESERVATION_2001 (RSRV_NUM,RSRV_DATE,RSRV_TIME,RSRV_NAME,RSRV_TELNO,RSRV_INWON,RSRV_SUBJECT,RSRV_MEMO,WRITER,WRITE_DATE) VALUES (5,'20240404','1120','홍길동','010-1234-5678',1,'모임계획5','3명 같이 모임',200,to_date('24/04/04','RR/MM/DD'));
INSERT INTO TB_RESERVATION_2001 (RSRV_NUM,RSRV_DATE,RSRV_TIME,RSRV_NAME,RSRV_TELNO,RSRV_INWON,RSRV_SUBJECT,RSRV_MEMO,WRITER,WRITE_DATE) VALUES (6,'20240404','1120','홍길동','010-1234-5678',1,'모임계획6','3명 같이 모임',200,to_date('24/04/04','RR/MM/DD'));
INSERT INTO TB_RESERVATION_2001 (RSRV_NUM,RSRV_DATE,RSRV_TIME,RSRV_NAME,RSRV_TELNO,RSRV_INWON,RSRV_SUBJECT,RSRV_MEMO,WRITER,WRITE_DATE) VALUES (7,'20240404','1120','홍길동','010-1234-5678',1,'모임계획7','3명 같이 모임',200,to_date('24/04/04','RR/MM/DD'));
INSERT INTO TB_RESERVATION_2001 (RSRV_NUM,RSRV_DATE,RSRV_TIME,RSRV_NAME,RSRV_TELNO,RSRV_INWON,RSRV_SUBJECT,RSRV_MEMO,WRITER,WRITE_DATE) VALUES (8,'20240404','1120','홍길동','010-1234-5678',1,'모임계획8','3명 같이 모임',200,to_date('24/04/04','RR/MM/DD'));
INSERT INTO TB_RESERVATION_2001 (RSRV_NUM,RSRV_DATE,RSRV_TIME,RSRV_NAME,RSRV_TELNO,RSRV_INWON,RSRV_SUBJECT,RSRV_MEMO,WRITER,WRITE_DATE) VALUES (9,'20240404','1120','홍길동','010-1234-5678',1,'모임계획9','3명 같이 모임',200,to_date('24/04/04','RR/MM/DD'));
INSERT INTO TB_RESERVATION_2001 (RSRV_NUM,RSRV_DATE,RSRV_TIME,RSRV_NAME,RSRV_TELNO,RSRV_INWON,RSRV_SUBJECT,RSRV_MEMO,WRITER,WRITE_DATE) VALUES (10,'20240404','1120','홍길동','010-1234-5678',1,'모임계획10','3명 같이 모임',200,to_date('24/04/04','RR/MM/DD'));
INSERT INTO TB_RESERVATION_2001 (RSRV_NUM,RSRV_DATE,RSRV_TIME,RSRV_NAME,RSRV_TELNO,RSRV_INWON,RSRV_SUBJECT,RSRV_MEMO,WRITER,WRITE_DATE) VALUES (11,'20240404','1120','홍길동','010-1234-5678',1,'모임계획11','3명 같이 모임',200,to_date('24/04/04','RR/MM/DD'));
INSERT INTO TB_RESERVATION_2001 (RSRV_NUM,RSRV_DATE,RSRV_TIME,RSRV_NAME,RSRV_TELNO,RSRV_INWON,RSRV_SUBJECT,RSRV_MEMO,WRITER,WRITE_DATE) VALUES (12,'20240404','1120','홍길동','010-1234-5678',1,'모임계획12','3명 같이 모임',200,to_date('24/04/04','RR/MM/DD'));
INSERT INTO TB_RESERVATION_2001 (RSRV_NUM,RSRV_DATE,RSRV_TIME,RSRV_NAME,RSRV_TELNO,RSRV_INWON,RSRV_SUBJECT,RSRV_MEMO,WRITER,WRITE_DATE) VALUES (13,'20240404','1120','홍길동','010-1234-5678',1,'모임계획13','3명 같이 모임',200,to_date('24/04/04','RR/MM/DD'));
INSERT INTO TB_RESERVATION_2001 (RSRV_NUM,RSRV_DATE,RSRV_TIME,RSRV_NAME,RSRV_TELNO,RSRV_INWON,RSRV_SUBJECT,RSRV_MEMO,WRITER,WRITE_DATE) VALUES (14,'20240404','1120','홍길동','010-1234-5678',1,'모임계획14','3명 같이 모임',200,to_date('24/04/04','RR/MM/DD'));
INSERT INTO TB_RESERVATION_2001 (RSRV_NUM,RSRV_DATE,RSRV_TIME,RSRV_NAME,RSRV_TELNO,RSRV_INWON,RSRV_SUBJECT,RSRV_MEMO,WRITER,WRITE_DATE) VALUES (15,'20240404','1120','홍길동','010-1234-5678',1,'모임계획15','3명 같이 모임',200,to_date('24/04/04','RR/MM/DD'));
INSERT INTO TB_RESERVATION_2001 (RSRV_NUM,RSRV_DATE,RSRV_TIME,RSRV_NAME,RSRV_TELNO,RSRV_INWON,RSRV_SUBJECT,RSRV_MEMO,WRITER,WRITE_DATE) VALUES (21,'20240405','1120','홍길동','010-1234-5678',1,'모임계획','3명 같이 모임',200,to_date('24/04/04','RR/MM/DD'));
INSERT INTO TB_RESERVATION_2001 (RSRV_NUM,RSRV_DATE,RSRV_TIME,RSRV_NAME,RSRV_TELNO,RSRV_INWON,RSRV_SUBJECT,RSRV_MEMO,WRITER,WRITE_DATE) VALUES (22,'20240405','1120','홍길동','010-1234-5678',1,'모임계획','3명 같이 모임',200,to_date('24/04/04','RR/MM/DD'));
INSERT INTO TB_RESERVATION_2001 (RSRV_NUM,RSRV_DATE,RSRV_TIME,RSRV_NAME,RSRV_TELNO,RSRV_INWON,RSRV_SUBJECT,RSRV_MEMO,WRITER,WRITE_DATE) VALUES (23,'20240405','1120','홍길동','010-1234-5678',1,'모임계획','3명 같이 모임',200,to_date('24/04/04','RR/MM/DD'));
INSERT INTO TB_RESERVATION_2001 (RSRV_NUM,RSRV_DATE,RSRV_TIME,RSRV_NAME,RSRV_TELNO,RSRV_INWON,RSRV_SUBJECT,RSRV_MEMO,WRITER,WRITE_DATE) VALUES (24,'20240405','1120','홍길동','010-1234-5678',1,'모임계획','3명 같이 모임',200,to_date('24/04/04','RR/MM/DD'));
INSERT INTO TB_RESERVATION_2001 (RSRV_NUM,RSRV_DATE,RSRV_TIME,RSRV_NAME,RSRV_TELNO,RSRV_INWON,RSRV_SUBJECT,RSRV_MEMO,WRITER,WRITE_DATE) VALUES (25,'20240405','1120','홍길동','010-1234-5678',1,'모임계획','3명 같이 모임',200,to_date('24/04/04','RR/MM/DD'));
INSERT INTO TB_RESERVATION_2001 (RSRV_NUM,RSRV_DATE,RSRV_TIME,RSRV_NAME,RSRV_TELNO,RSRV_INWON,RSRV_SUBJECT,RSRV_MEMO,WRITER,WRITE_DATE) VALUES (26,'20240405','1120','홍길동','010-1234-5678',1,'모임계획5','3명 같이 모임',0,to_date('24/04/05','RR/MM/DD'));
INSERT INTO TB_RESERVATION_2001 (RSRV_NUM,RSRV_DATE,RSRV_TIME,RSRV_NAME,RSRV_TELNO,RSRV_INWON,RSRV_SUBJECT,RSRV_MEMO,WRITER,WRITE_DATE) VALUES (27,'20240411','1','홍길동','010-2345-7895',1,'1','1',0,to_date('24/04/05','RR/MM/DD'));

DROP SEQUENCE TB_RESERVATION_2001_RSRV_NUM_SEQ;

CREATE SEQUENCE TB_RESERVATION_2001_RSRV_NUM_SEQ
       START WITH 28
       INCREMENT BY 1;
-- 첫 번째 세트
INSERT INTO TB_GOODS_2001 (ID, GOODS_NO, GOODS_NAME)
VALUES (1, 1, '사과');

INSERT INTO TB_INVENTORY_2001 (GOODS_NO, PD_QUANTITY)
VALUES (1, 3);

INSERT INTO TB_PRODUCE_2001 (PD_NO, GOODS_NO, PD_NAME)
VALUES (101, 1, '형제청과');

-- 두 번째 세트
INSERT INTO TB_GOODS_2001 (ID, GOODS_NO, GOODS_NAME)
VALUES (1, 2, '감자');

INSERT INTO TB_INVENTORY_2001 (GOODS_NO, PD_QUANTITY)
VALUES (2, 5);

INSERT INTO TB_PRODUCE_2001 (PD_NO, GOODS_NO, PD_NAME)
VALUES (102, 2, '우리채소');

-- 세 번째 세트
INSERT INTO TB_GOODS_2001 (ID, GOODS_NO, GOODS_NAME)
VALUES (1, 3, '고추장');

INSERT INTO TB_INVENTORY_2001 (GOODS_NO, PD_QUANTITY)
VALUES (3, 5);

INSERT INTO TB_PRODUCE_2001 (PD_NO, GOODS_NO, PD_NAME)
VALUES (103, 3, '순창');

-- 네 번째 세트
INSERT INTO TB_GOODS_2001 (ID, GOODS_NO, GOODS_NAME)
VALUES (1, 4, '오이');

INSERT INTO TB_INVENTORY_2001 (GOODS_NO, PD_QUANTITY)
VALUES (4, 2);

INSERT INTO TB_PRODUCE_2001 (PD_NO, GOODS_NO, PD_NAME)
VALUES (104, 4, '강원도농산물');

-- 다섯 번째 세트
INSERT INTO TB_GOODS_2001 (ID, GOODS_NO, GOODS_NAME)
VALUES (1, 5, '당근');

INSERT INTO TB_INVENTORY_2001 (GOODS_NO, PD_QUANTITY)
VALUES (5, 4);

INSERT INTO TB_PRODUCE_2001 (PD_NO, GOODS_NO, PD_NAME)
VALUES (105, 5, '경상도농산물');

commit;